price,area,bedrooms,bathrooms,stories,mainroad,guestroom,basement,hotwaterheating,airconditioning,parking,prefarea,furnishingstatus,1963,saleprice
13300000,7420,4,2,3,yes,no,no,no,yes,2,yes,furnished,1963,17800
12250000,8960,4,4,4,yes,no,no,no,yes,3,no,furnished,1963,18000
12250000,9960,3,2,2,yes,no,yes,no,no,2,yes,semi-furnished,1963,17900
12215000,7500,4,2,2,yes,no,yes,no,yes,3,yes,furnished,1964,18500
11410000,7420,4,1,2,yes,yes,yes,no,yes,2,no,furnished,1964,18500
10850000,7500,3,3,1,yes,no,yes,no,yes,2,yes,semi-furnished,1964,18900
10150000,8580,4,3,4,yes,no,no,no,yes,2,yes,semi-furnished,1964,18900
10150000,16200,5,3,2,yes,no,no,no,no,0,no,unfurnished,1965,19400
9870000,8100,4,1,2,yes,yes,yes,no,yes,2,yes,furnished,1965,20200
9800000,5750,3,2,4,yes,yes,no,no,yes,1,yes,unfurnished,1965,19800
9800000,13200,3,1,2,yes,no,yes,no,yes,2,yes,furnished,1965,20200
9681000,6000,4,3,2,yes,yes,yes,yes,no,2,no,semi-furnished,1966,20300
9310000,6550,4,2,2,yes,no,no,no,yes,1,yes,semi-furnished,1966,21000
9240000,3500,4,2,2,yes,no,no,yes,no,2,no,furnished,1966,22100
9240000,7800,3,2,2,yes,no,no,no,no,0,yes,semi-furnished,1966,21500
9100000,6000,4,1,2,yes,no,yes,no,no,2,no,semi-furnished,1967,21400
9100000,6600,4,2,2,yes,yes,yes,no,yes,1,yes,unfurnished,1967,22300
8960000,8500,3,2,4,yes,no,no,no,yes,2,no,furnished,1967,23300
8890000,4600,3,2,2,yes,yes,no,no,yes,2,no,furnished,1967,22500
8855000,6420,3,2,2,yes,no,no,no,yes,1,yes,semi-furnished,1968,22900
8750000,4320,3,1,2,yes,no,yes,yes,no,2,no,semi-furnished,1968,23900
8680000,7155,3,2,1,yes,yes,yes,no,yes,2,no,unfurnished,1968,24900
8645000,8050,3,1,1,yes,yes,yes,no,yes,1,no,furnished,1968,24800
8645000,4560,3,2,2,yes,yes,yes,no,yes,1,no,furnished,1969,25600
8575000,8800,3,2,2,yes,no,no,no,yes,2,no,furnished,1969,25700
8540000,6540,4,2,2,yes,yes,yes,no,yes,2,yes,furnished,1969,25900
8463000,6000,3,2,4,yes,yes,yes,no,yes,0,yes,semi-furnished,1969,25900
8400000,8875,3,1,1,yes,no,no,no,no,1,no,semi-furnished,1970,24900
8400000,7950,5,2,2,yes,no,yes,yes,no,2,no,unfurnished,1970,23900
8400000,5500,4,2,2,yes,no,yes,no,yes,1,yes,semi-furnished,1970,24400
8400000,7475,3,2,4,yes,no,no,no,yes,2,no,unfurnished,1970,23000
8400000,7000,3,1,4,yes,no,no,no,yes,2,no,semi-furnished,1971,22600
8295000,4880,4,2,2,yes,no,no,no,yes,1,yes,furnished,1971,24300
8190000,5960,3,3,2,yes,yes,yes,no,no,1,no,unfurnished,1971,25800
8120000,6840,5,1,2,yes,yes,yes,no,yes,1,no,furnished,1971,25300
8080940,7000,3,2,4,yes,no,no,no,yes,2,no,furnished,1972,25500
8043000,7482,3,2,3,yes,no,no,yes,no,1,yes,furnished,1972,26200
7980000,9000,4,2,4,yes,no,no,no,yes,2,no,furnished,1972,26800
7962500,6000,3,1,4,yes,yes,no,no,yes,2,no,unfurnished,1972,27900
7910000,6000,4,2,4,yes,no,no,no,yes,1,no,semi-furnished,1973,29200
7875000,6550,3,1,2,yes,no,yes,no,yes,0,yes,furnished,1973,30200
7840000,6360,3,2,4,yes,no,no,no,yes,0,yes,furnished,1973,32700
7700000,6480,3,2,4,yes,no,no,no,yes,2,no,unfurnished,1973,33500
7700000,6000,4,2,4,yes,no,no,no,no,2,no,semi-furnished,1974,34000
7560000,6000,4,2,4,yes,no,no,no,yes,1,no,furnished,1974,35200
7560000,6000,3,2,3,yes,no,no,no,yes,0,no,semi-furnished,1974,35600
7525000,6000,3,2,4,yes,no,no,no,yes,1,no,furnished,1974,36200
7490000,6600,3,1,4,yes,no,no,no,yes,3,yes,furnished,1975,37200
7455000,4300,3,2,2,yes,no,yes,no,no,1,no,unfurnished,1975,38100
7420000,7440,3,2,1,yes,yes,yes,no,yes,0,yes,semi-furnished,1975,39000
7420000,7440,3,2,4,yes,no,no,no,no,1,yes,unfurnished,1975,38800
7420000,6325,3,1,4,yes,no,no,no,yes,1,no,unfurnished,1976,41200
7350000,6000,4,2,4,yes,yes,no,no,yes,1,no,furnished,1976,42800
7350000,5150,3,2,4,yes,no,no,no,yes,2,no,semi-furnished,1976,44200
7350000,6000,3,2,2,yes,yes,no,no,yes,1,no,semi-furnished,1976,44400
7350000,6000,3,1,2,yes,no,no,no,yes,1,no,unfurnished,1977,45500
7343000,11440,4,1,2,yes,no,yes,no,no,1,yes,semi-furnished,1977,46300
7245000,9000,4,2,4,yes,yes,no,no,yes,1,yes,furnished,1977,48900
7210000,7680,4,2,4,yes,yes,no,no,yes,1,no,semi-furnished,1977,48800
7210000,6000,3,2,4,yes,yes,no,no,yes,1,no,furnished,1978,51600
7140000,6000,3,2,2,yes,yes,no,no,no,1,no,semi-furnished,1978,53000
7070000,8880,2,1,1,yes,no,no,no,yes,1,no,semi-furnished,1978,55300
7070000,6240,4,2,2,yes,no,no,no,yes,1,no,furnished,1978,56100
7035000,6360,4,2,3,yes,no,no,no,yes,2,yes,furnished,1979,59000
7000000,11175,3,1,1,yes,no,yes,no,yes,1,yes,furnished,1979,60600
6930000,8880,3,2,2,yes,no,yes,no,yes,1,no,furnished,1979,63100
6930000,13200,2,1,1,yes,no,yes,yes,no,1,no,furnished,1979,64700
6895000,7700,3,2,1,yes,no,no,no,no,2,no,unfurnished,1980,62600
6860000,6000,3,1,1,yes,no,no,no,yes,1,no,furnished,1980,63700
6790000,12090,4,2,2,yes,no,no,no,no,2,yes,furnished,1980,64000
6790000,4000,3,2,2,yes,no,yes,no,yes,0,yes,semi-furnished,1980,64900
6755000,6000,4,2,4,yes,no,no,no,yes,0,no,unfurnished,1981,66400
6720000,5020,3,1,4,yes,no,no,no,yes,0,yes,unfurnished,1981,66800
6685000,6600,2,2,4,yes,no,yes,no,no,0,yes,furnished,1981,69400
6650000,4040,3,1,2,yes,no,yes,yes,no,1,no,furnished,1981,69200
6650000,4260,4,2,2,yes,no,no,yes,no,0,no,semi-furnished,1982,70400
6650000,6420,3,2,3,yes,no,no,no,yes,0,yes,furnished,1982,66400
6650000,6500,3,2,3,yes,no,no,no,yes,0,yes,furnished,1982,69600
6650000,5700,3,1,1,yes,yes,yes,no,yes,2,yes,furnished,1982,69300
6650000,6000,3,2,3,yes,yes,no,no,yes,0,no,furnished,1983,71600
6629000,6000,3,1,2,yes,no,no,yes,no,1,yes,semi-furnished,1983,73300
6615000,4000,3,2,2,yes,no,yes,no,yes,1,no,semi-furnished,1983,74900
6615000,10500,3,2,1,yes,no,yes,no,yes,1,yes,furnished,1983,77400
6580000,6000,3,2,4,yes,no,no,no,yes,0,no,semi-furnished,1984,75900
6510000,3760,3,1,2,yes,no,no,yes,no,2,no,semi-furnished,1984,78200
6510000,8250,3,2,3,yes,no,no,no,yes,0,no,furnished,1984,80700
6510000,6670,3,1,3,yes,no,yes,no,no,0,yes,unfurnished,1984,81000
6475000,3960,3,1,1,yes,no,yes,no,no,2,no,semi-furnished,1985,79900
6475000,7410,3,1,1,yes,yes,yes,no,yes,2,yes,unfurnished,1985,82800
6440000,8580,5,3,2,yes,no,no,no,no,2,no,furnished,1985,84300
6440000,5000,3,1,2,yes,no,no,no,yes,0,no,semi-furnished,1985,83200
6419000,6750,2,1,1,yes,yes,yes,no,no,2,yes,furnished,1986,86800
6405000,4800,3,2,4,yes,yes,no,no,yes,0,no,furnished,1986,88000
6300000,7200,3,2,1,yes,no,yes,no,yes,3,no,semi-furnished,1986,92100
6300000,6000,4,2,4,yes,no,no,no,no,1,no,semi-furnished,1986,93000
6300000,4100,3,2,3,yes,no,no,no,yes,2,no,semi-furnished,1987,95000
6300000,9000,3,1,1,yes,no,yes,no,no,1,yes,furnished,1987,97900
6300000,6400,3,1,1,yes,yes,yes,no,yes,1,yes,semi-furnished,1987,103400
6293000,6600,3,2,3,yes,no,no,no,yes,0,yes,unfurnished,1987,106000
6265000,6000,4,1,3,yes,yes,yes,no,no,0,yes,unfurnished,1988,111500
6230000,6600,3,2,1,yes,no,yes,no,yes,0,yes,unfurnished,1988,110000
6230000,5500,3,1,3,yes,no,no,no,no,1,yes,unfurnished,1988,110000
6195000,5500,3,2,4,yes,yes,no,no,yes,1,no,semi-furnished,1988,115000
6195000,6350,3,2,3,yes,yes,no,no,yes,0,no,furnished,1989,113900
6195000,5500,3,2,1,yes,yes,yes,no,no,2,yes,furnished,1989,118000
6160000,4500,3,1,4,yes,no,no,no,yes,0,no,unfurnished,1989,118900
6160000,5450,4,2,1,yes,no,yes,no,yes,0,yes,semi-furnished,1989,120000
6125000,6420,3,1,3,yes,no,yes,no,no,0,yes,unfurnished,1990,124800
6107500,3240,4,1,3,yes,no,no,no,no,1,no,semi-furnished,1990,123900
6090000,6615,4,2,2,yes,yes,no,yes,no,1,no,semi-furnished,1990,126800
6090000,6600,3,1,1,yes,yes,yes,no,no,2,yes,semi-furnished,1990,117000
6090000,8372,3,1,3,yes,no,no,no,yes,2,no,unfurnished,1991,121500
6083000,4300,6,2,2,yes,no,no,no,no,0,no,furnished,1991,120000
6083000,9620,3,1,1,yes,no,yes,no,no,2,yes,furnished,1991,119900
6020000,6800,2,1,1,yes,yes,yes,no,no,2,no,furnished,1991,120000
6020000,8000,3,1,1,yes,yes,yes,no,yes,2,yes,semi-furnished,1992,120000
6020000,6900,3,2,1,yes,yes,yes,no,no,0,yes,unfurnished,1992,119500
5950000,3700,4,1,2,yes,yes,no,no,yes,0,no,furnished,1992,120000
5950000,6420,3,1,1,yes,no,yes,no,yes,0,yes,furnished,1992,120000
5950000,7020,3,1,1,yes,no,yes,no,yes,2,yes,semi-furnished,1993,126000
5950000,6540,3,1,1,yes,yes,yes,no,no,2,yes,furnished,1993,125000
5950000,7231,3,1,2,yes,yes,yes,no,yes,0,yes,semi-furnished,1993,127000
5950000,6254,4,2,1,yes,no,yes,no,no,1,yes,semi-furnished,1993,127000
5950000,7320,4,2,2,yes,no,no,no,no,0,no,furnished,1994,127000
5950000,6525,3,2,4,yes,no,no,no,no,1,no,furnished,1994,130000
5943000,15600,3,1,1,yes,no,no,no,yes,2,no,semi-furnished,1994,130000
5880000,7160,3,1,1,yes,no,yes,no,no,2,yes,unfurnished,1994,129700
5880000,6500,3,2,3,yes,no,no,no,yes,0,no,unfurnished,1995,132000
5873000,5500,3,1,3,yes,yes,no,no,yes,1,no,furnished,1995,130000
5873000,11460,3,1,3,yes,no,no,no,no,2,yes,semi-furnished,1995,133900
5866000,4800,3,1,1,yes,yes,yes,no,no,0,no,unfurnished,1995,132000
5810000,5828,4,1,4,yes,yes,no,no,no,0,no,semi-furnished,1996,138000
5810000,5200,3,1,3,yes,no,no,no,yes,0,no,semi-furnished,1996,137000
5810000,4800,3,1,3,yes,no,no,no,yes,0,no,unfurnished,1996,139900
5803000,7000,3,1,1,yes,no,yes,no,no,2,yes,semi-furnished,1996,140000
5775000,6000,3,2,4,yes,no,no,no,yes,0,no,unfurnished,1997,144100
5740000,5400,4,2,2,yes,no,no,no,yes,2,no,unfurnished,1997,145000
5740000,4640,4,1,2,yes,no,no,no,no,1,no,semi-furnished,1997,145800
5740000,5000,3,1,3,yes,no,no,no,yes,0,no,semi-furnished,1997,145000
5740000,6360,3,1,1,yes,yes,yes,no,yes,2,yes,furnished,1998,144200
5740000,5800,3,2,4,yes,no,no,no,yes,0,no,unfurnished,1998,152200
5652500,6660,4,2,2,yes,yes,yes,no,no,1,yes,semi-furnished,1998,149500
5600000,10500,4,2,2,yes,no,no,no,no,1,no,semi-furnished,1998,153000
5600000,4800,5,2,3,no,no,yes,yes,no,0,no,unfurnished,1999,153000
5600000,4700,4,1,2,yes,yes,yes,no,yes,1,no,furnished,1999,157400
5600000,5000,3,1,4,yes,no,no,no,no,0,no,furnished,1999,158700
5600000,10500,2,1,1,yes,no,no,no,no,1,no,semi-furnished,1999,159100
5600000,5500,3,2,2,yes,no,no,no,no,1,no,semi-furnished,2000,165300
5600000,6360,3,1,3,yes,no,no,no,no,0,yes,semi-furnished,2000,165300
5600000,6600,4,2,1,yes,no,yes,no,no,0,yes,semi-furnished,2000,163200
5600000,5136,3,1,2,yes,yes,yes,no,yes,0,yes,unfurnished,2000,168800
5565000,4400,4,1,2,yes,no,no,no,yes,2,yes,semi-furnished,2001,172900
5565000,5400,5,1,2,yes,yes,yes,no,yes,0,yes,furnished,2001,169800
5530000,3300,3,3,2,yes,no,yes,no,no,0,no,semi-furnished,2001,179000
5530000,3650,3,2,2,yes,no,no,no,no,2,no,semi-furnished,2001,172500
5530000,6100,3,2,1,yes,no,yes,no,no,2,yes,furnished,2002,171100
5523000,6900,3,1,1,yes,yes,yes,no,no,0,yes,semi-furnished,2002,188700
5495000,2817,4,2,2,no,yes,yes,no,no,1,no,furnished,2002,187200
5495000,7980,3,1,1,yes,no,no,no,no,2,no,semi-furnished,2002,178100
5460000,3150,3,2,1,yes,yes,yes,no,yes,0,no,furnished,2003,190100
5460000,6210,4,1,4,yes,yes,no,no,yes,0,no,furnished,2003,186000
5460000,6100,3,1,3,yes,yes,no,no,yes,0,yes,semi-furnished,2003,191800
5460000,6600,4,2,2,yes,yes,yes,no,no,0,yes,semi-furnished,2003,191900
5425000,6825,3,1,1,yes,yes,yes,no,yes,0,yes,semi-furnished,2004,198800
5390000,6710,3,2,2,yes,yes,yes,no,no,1,yes,furnished,2004,212700
5383000,6450,3,2,1,yes,yes,yes,yes,no,0,no,unfurnished,2004,217600
5320000,7800,3,1,1,yes,no,yes,no,yes,2,yes,unfurnished,2004,213500
5285000,4600,2,2,1,yes,no,no,no,yes,2,no,semi-furnished,2005,228800
5250000,4260,4,1,2,yes,no,yes,no,yes,0,no,furnished,2005,232500
5250000,6540,4,2,2,no,no,no,no,yes,0,no,semi-furnished,2005,233700
5250000,5500,3,2,1,yes,no,yes,no,no,0,no,semi-furnished,2005,236400
5250000,10269,3,1,1,yes,no,no,no,no,1,yes,semi-furnished,2006,243600
5250000,8400,3,1,2,yes,yes,yes,no,yes,2,yes,unfurnished,2006,247700
5250000,5300,4,2,1,yes,no,no,no,yes,0,yes,unfurnished,2006,246300
5250000,3800,3,1,2,yes,yes,yes,no,no,1,yes,unfurnished,2006,235600
5250000,9800,4,2,2,yes,yes,no,no,no,2,no,semi-furnished,2007,245400
5250000,8520,3,1,1,yes,no,no,no,yes,2,no,furnished,2007,257400
5243000,6050,3,1,1,yes,no,yes,no,no,0,yes,semi-furnished,2007,242200
5229000,7085,3,1,1,yes,yes,yes,no,no,2,yes,semi-furnished,2007,241800
5215000,3180,3,2,2,yes,no,no,no,no,2,no,semi-furnished,2008,238400
5215000,4500,4,2,1,no,no,yes,no,yes,2,no,semi-furnished,2008,233900
5215000,7200,3,1,2,yes,yes,yes,no,no,1,yes,furnished,2008,235300
5145000,3410,3,1,2,no,no,no,no,yes,0,no,semi-furnished,2008,226500
5145000,7980,3,1,1,yes,no,no,no,no,1,yes,semi-furnished,2009,222500
5110000,3000,3,2,2,yes,yes,yes,no,no,0,no,furnished,2009,208400
5110000,3000,3,1,2,yes,no,yes,no,no,0,no,unfurnished,2009,220900
5110000,11410,2,1,2,yes,no,no,no,no,0,yes,furnished,2009,214300
5110000,6100,3,1,1,yes,no,yes,no,yes,0,yes,semi-furnished,2010,219000
5075000,5720,2,1,2,yes,no,no,no,yes,0,yes,unfurnished,2010,222900
5040000,3540,2,1,1,no,yes,yes,no,no,0,no,semi-furnished,2010,219500
5040000,7600,4,1,2,yes,no,no,no,yes,2,no,furnished,2010,224100
5040000,10700,3,1,2,yes,yes,yes,no,no,0,no,semi-furnished,2011,224300
5040000,6600,3,1,1,yes,yes,yes,no,no,0,yes,furnished,2011,226900
5033000,4800,2,1,1,yes,yes,yes,no,no,0,no,semi-furnished,2011,228100
5005000,8150,3,2,1,yes,yes,yes,no,no,0,no,semi-furnished,2011,223500
4970000,4410,4,3,2,yes,no,yes,no,no,2,no,semi-furnished,2012,221100
4970000,7686,3,1,1,yes,yes,yes,yes,no,0,no,semi-furnished,2012,238400
4956000,2800,3,2,2,no,no,yes,no,yes,1,no,semi-furnished,2012,238700
4935000,5948,3,1,2,yes,no,no,no,yes,0,no,semi-furnished,2012,248800
4907000,4200,3,1,2,yes,no,no,no,no,1,no,furnished,2013,251700
4900000,4520,3,1,2,yes,no,yes,no,yes,0,no,semi-furnished,2013,258400
4900000,4095,3,1,2,no,yes,yes,no,yes,0,no,semi-furnished,2013,268100
4900000,4120,2,1,1,yes,no,yes,no,no,1,no,semi-furnished,2013,264800
4900000,5400,4,1,2,yes,no,no,no,no,0,no,semi-furnished,2014,273600
4900000,4770,3,1,1,yes,yes,yes,no,no,0,no,semi-furnished,2014,275200
4900000,6300,3,1,1,yes,no,no,no,yes,2,no,semi-furnished,2014,288000
4900000,5800,2,1,1,yes,yes,yes,no,yes,0,no,semi-furnished,2014,281000
4900000,3000,3,1,2,yes,no,yes,no,yes,0,no,semi-furnished,2015,298900
4900000,2970,3,1,3,yes,no,no,no,no,0,no,semi-furnished,2015,289200
4900000,6720,3,1,1,yes,no,no,no,no,0,no,unfurnished,2015,289100
4900000,4646,3,1,2,yes,yes,yes,no,no,2,no,semi-furnished,2015,295800
4900000,12900,3,1,1,yes,no,no,no,no,2,no,furnished,2016,302500
4893000,3420,4,2,2,yes,no,yes,no,yes,2,no,semi-furnished,2016,299800
4893000,4995,4,2,1,yes,no,yes,no,no,0,no,semi-furnished,2016,306000
4865000,4350,2,1,1,yes,no,yes,no,no,0,no,unfurnished,2016,303800
4830000,4160,3,1,3,yes,no,no,no,no,0,no,unfurnished,2017,310900
4830000,6040,3,1,1,yes,no,no,no,no,2,yes,semi-furnished,2017,313100
4830000,6862,3,1,2,yes,no,no,no,yes,2,yes,furnished,2017,318200
4830000,4815,2,1,1,yes,no,no,no,yes,0,yes,semi-furnished,2017,320500.0
4795000,7000,3,1,2,yes,no,yes,no,no,0,no,unfurnished,2018,337900.0
4795000,8100,4,1,4,yes,no,yes,no,yes,2,no,semi-furnished,2018,331800.0
4767000,3420,4,2,2,yes,no,no,no,no,0,no,semi-furnished,2018,315600.0
4760000,9166,2,1,1,yes,no,yes,no,yes,2,no,semi-furnished,2018,330900.0
4760000,6321,3,1,2,yes,no,yes,no,yes,1,no,furnished,2019,322800.0
4760000,10240,2,1,1,yes,no,no,no,yes,2,yes,unfurnished,2019,313000.0
4753000,6440,2,1,1,yes,no,no,no,yes,3,no,semi-furnished,2019,322500.0
4690000,5170,3,1,4,yes,no,no,no,yes,0,no,semi-furnished,2019,318400.0
4690000,6000,2,1,1,yes,no,yes,no,yes,1,no,furnished,2020,327100.0
4690000,3630,3,1,2,yes,no,no,no,no,2,no,semi-furnished,2020,329000.0
4690000,9667,4,2,2,yes,yes,yes,no,no,1,no,semi-furnished,2020,322600.0
4690000,5400,2,1,2,yes,no,no,no,no,0,yes,semi-furnished,2020,337500.0
4690000,4320,3,1,1,yes,no,no,no,no,0,yes,semi-furnished,2021,358700.0
4655000,3745,3,1,2,yes,no,yes,no,no,0,no,furnished,2021,369800.0
4620000,4160,3,1,1,yes,yes,yes,no,yes,0,no,unfurnished,2021,382600.0
4620000,3880,3,2,2,yes,no,yes,no,no,2,no,semi-furnished,2021,411200.0
4620000,5680,3,1,2,yes,yes,no,no,yes,1,no,semi-furnished,2022,423600.0
4620000,2870,2,1,2,yes,yes,yes,no,no,0,yes,semi-furnished,2022,433100.0
4620000,5010,3,1,2,yes,no,yes,no,no,0,no,semi-furnished,2022,449300.0
4613000,4510,4,2,2,yes,no,yes,no,no,0,no,semi-furnished,2022,468000.0
4585000,4000,3,1,2,yes,no,no,no,no,1,no,furnished,2023,479500.0
4585000,3840,3,1,2,yes,no,no,no,no,1,yes,semi-furnished,1963,436800.0
4550000,3760,3,1,1,yes,no,no,no,no,2,no,semi-furnished,1963,price
4550000,3640,3,1,2,yes,no,no,no,yes,0,no,furnished,1963,17800
4550000,2550,3,1,2,yes,no,yes,no,no,0,no,furnished,1963,18000
4550000,5320,3,1,2,yes,yes,yes,no,no,0,yes,semi-furnished,1964,17900
4550000,5360,3,1,2,yes,no,no,no,no,2,yes,unfurnished,1964,18500
4550000,3520,3,1,1,yes,no,no,no,no,0,yes,semi-furnished,1964,18500
4550000,8400,4,1,4,yes,no,no,no,no,3,no,unfurnished,1964,18900
4543000,4100,2,2,1,yes,yes,yes,no,no,0,no,semi-furnished,1965,18900
4543000,4990,4,2,2,yes,yes,yes,no,no,0,yes,furnished,1965,19400
4515000,3510,3,1,3,yes,no,no,no,no,0,no,semi-furnished,1965,20200
4515000,3450,3,1,2,yes,no,yes,no,no,1,no,semi-furnished,1965,19800
4515000,9860,3,1,1,yes,no,no,no,no,0,no,semi-furnished,1966,20200
4515000,3520,2,1,2,yes,no,no,no,no,0,yes,furnished,1966,20300
4480000,4510,4,1,2,yes,no,no,no,yes,2,no,semi-furnished,1966,21000
4480000,5885,2,1,1,yes,no,no,no,yes,1,no,unfurnished,1966,22100
4480000,4000,3,1,2,yes,no,no,no,no,2,no,furnished,1967,21500
4480000,8250,3,1,1,yes,no,no,no,no,0,no,furnished,1967,21400
4480000,4040,3,1,2,yes,no,no,no,no,1,no,semi-furnished,1967,22300
4473000,6360,2,1,1,yes,no,yes,no,yes,1,no,furnished,1967,23300
4473000,3162,3,1,2,yes,no,no,no,yes,1,no,furnished,1968,22500
4473000,3510,3,1,2,yes,no,no,no,no,0,no,semi-furnished,1968,22900
4445000,3750,2,1,1,yes,yes,yes,no,no,0,no,semi-furnished,1968,23900
4410000,3968,3,1,2,no,no,no,no,no,0,no,semi-furnished,1968,24900
4410000,4900,2,1,2,yes,no,yes,no,no,0,no,semi-furnished,1969,24800
4403000,2880,3,1,2,yes,no,no,no,no,0,yes,semi-furnished,1969,25600
4403000,4880,3,1,1,yes,no,no,no,no,2,yes,unfurnished,1969,25700
4403000,4920,3,1,2,yes,no,no,no,no,1,no,semi-furnished,1969,25900
4382000,4950,4,1,2,yes,no,no,no,yes,0,no,semi-furnished,1970,25900
4375000,3900,3,1,2,yes,no,no,no,no,0,no,unfurnished,1970,24900
4340000,4500,3,2,3,yes,no,no,yes,no,1,no,furnished,1970,23900
4340000,1905,5,1,2,no,no,yes,no,no,0,no,semi-furnished,1970,24400
4340000,4075,3,1,1,yes,yes,yes,no,no,2,no,semi-furnished,1971,23000
4340000,3500,4,1,2,yes,no,no,no,no,2,no,furnished,1971,22600
4340000,6450,4,1,2,yes,no,no,no,no,0,no,semi-furnished,1971,24300
4319000,4032,2,1,1,yes,no,yes,no,no,0,no,furnished,1971,25800
4305000,4400,2,1,1,yes,no,no,no,no,1,no,semi-furnished,1972,25300
4305000,10360,2,1,1,yes,no,no,no,no,1,yes,semi-furnished,1972,25500
4277000,3400,3,1,2,yes,no,yes,no,no,2,yes,semi-furnished,1972,26200
4270000,6360,2,1,1,yes,no,no,no,no,0,no,furnished,1972,26800
4270000,6360,2,1,2,yes,no,no,no,no,0,no,unfurnished,1973,27900
4270000,4500,2,1,1,yes,no,no,no,yes,2,no,furnished,1973,29200
4270000,2175,3,1,2,no,yes,yes,no,yes,0,no,unfurnished,1973,30200
4270000,4360,4,1,2,yes,no,no,no,no,0,no,furnished,1973,32700
4270000,7770,2,1,1,yes,no,no,no,no,1,no,furnished,1974,33500
4235000,6650,3,1,2,yes,yes,no,no,no,0,no,semi-furnished,1974,34000
4235000,2787,3,1,1,yes,no,yes,no,no,0,yes,furnished,1974,35200
4200000,5500,3,1,2,yes,no,no,no,yes,0,no,unfurnished,1974,35600
4200000,5040,3,1,2,yes,no,yes,no,yes,0,no,unfurnished,1975,36200
4200000,5850,2,1,1,yes,yes,yes,no,no,2,no,semi-furnished,1975,37200
4200000,2610,4,3,2,no,no,no,no,no,0,no,semi-furnished,1975,38100
4200000,2953,3,1,2,yes,no,yes,no,yes,0,no,unfurnished,1975,39000
4200000,2747,4,2,2,no,no,no,no,no,0,no,semi-furnished,1976,38800
4200000,4410,2,1,1,no,no,no,no,no,1,no,unfurnished,1976,41200
4200000,4000,4,2,2,no,no,no,no,no,0,no,semi-furnished,1976,42800
4200000,2325,3,1,2,no,no,no,no,no,0,no,semi-furnished,1976,44200
4200000,4600,3,2,2,yes,no,no,no,yes,1,no,semi-furnished,1977,44400
4200000,3640,3,2,2,yes,no,yes,no,no,0,no,unfurnished,1977,45500
4200000,5800,3,1,1,yes,no,no,yes,no,2,no,semi-furnished,1977,46300
4200000,7000,3,1,1,yes,no,no,no,no,3,no,furnished,1977,48900
4200000,4079,3,1,3,yes,no,no,no,no,0,no,semi-furnished,1978,48800
4200000,3520,3,1,2,yes,no,no,no,no,0,yes,semi-furnished,1978,51600
4200000,2145,3,1,3,yes,no,no,no,no,1,yes,unfurnished,1978,53000
4200000,4500,3,1,1,yes,no,yes,no,no,0,no,furnished,1978,55300
4193000,8250,3,1,1,yes,no,yes,no,no,3,no,semi-furnished,1979,56100
4193000,3450,3,1,2,yes,no,no,no,no,1,no,semi-furnished,1979,59000
4165000,4840,3,1,2,yes,no,no,no,no,1,no,semi-furnished,1979,60600
4165000,4080,3,1,2,yes,no,no,no,no,2,no,semi-furnished,1979,63100
4165000,4046,3,1,2,yes,no,yes,no,no,1,no,semi-furnished,1980,64700
4130000,4632,4,1,2,yes,no,no,no,yes,0,no,semi-furnished,1980,62600
4130000,5985,3,1,1,yes,no,yes,no,no,0,no,semi-furnished,1980,63700
4123000,6060,2,1,1,yes,no,yes,no,no,1,no,semi-furnished,1980,64000
4098500,3600,3,1,1,yes,no,yes,no,yes,0,yes,furnished,1981,64900
4095000,3680,3,2,2,yes,no,no,no,no,0,no,semi-furnished,1981,66400
4095000,4040,2,1,2,yes,no,no,no,no,1,no,semi-furnished,1981,66800
4095000,5600,2,1,1,yes,no,no,no,yes,0,no,semi-furnished,1981,69400
4060000,5900,4,2,2,no,no,yes,no,no,1,no,unfurnished,1982,69200
4060000,4992,3,2,2,yes,no,no,no,no,2,no,unfurnished,1982,70400
4060000,4340,3,1,1,yes,no,no,no,no,0,no,semi-furnished,1982,66400
4060000,3000,4,1,3,yes,no,yes,no,yes,2,no,semi-furnished,1982,69600
4060000,4320,3,1,2,yes,no,no,no,no,2,yes,furnished,1983,69300
4025000,3630,3,2,2,yes,no,no,yes,no,2,no,semi-furnished,1983,71600
4025000,3460,3,2,1,yes,no,yes,no,yes,1,no,furnished,1983,73300
4025000,5400,3,1,1,yes,no,no,no,no,3,no,semi-furnished,1983,74900
4007500,4500,3,1,2,no,no,yes,no,yes,0,no,semi-furnished,1984,77400
4007500,3460,4,1,2,yes,no,no,no,yes,0,no,semi-furnished,1984,75900
3990000,4100,4,1,1,no,no,yes,no,no,0,no,unfurnished,1984,78200
3990000,6480,3,1,2,no,no,no,no,yes,1,no,semi-furnished,1984,80700
3990000,4500,3,2,2,no,no,yes,no,yes,0,no,semi-furnished,1985,81000
3990000,3960,3,1,2,yes,no,no,no,no,0,no,furnished,1985,79900
3990000,4050,2,1,2,yes,yes,yes,no,no,0,yes,unfurnished,1985,82800
3920000,7260,3,2,1,yes,yes,yes,no,no,3,no,furnished,1985,84300
3920000,5500,4,1,2,yes,yes,yes,no,no,0,no,semi-furnished,1986,83200
3920000,3000,3,1,2,yes,no,no,no,no,0,no,semi-furnished,1986,86800
3920000,3290,2,1,1,yes,no,no,yes,no,1,no,furnished,1986,88000
3920000,3816,2,1,1,yes,no,yes,no,yes,2,no,furnished,1986,92100
3920000,8080,3,1,1,yes,no,no,no,yes,2,no,semi-furnished,1987,93000
3920000,2145,4,2,1,yes,no,yes,no,no,0,yes,unfurnished,1987,95000
3885000,3780,2,1,2,yes,yes,yes,no,no,0,no,semi-furnished,1987,97900
3885000,3180,4,2,2,yes,no,no,no,no,0,no,furnished,1987,103400
3850000,5300,5,2,2,yes,no,no,no,no,0,no,semi-furnished,1988,106000
3850000,3180,2,2,1,yes,no,yes,no,no,2,no,semi-furnished,1988,111500
3850000,7152,3,1,2,yes,no,no,no,yes,0,no,furnished,1988,110000
3850000,4080,2,1,1,yes,no,no,no,no,0,no,semi-furnished,1988,110000
3850000,3850,2,1,1,yes,no,no,no,no,0,no,semi-furnished,1989,115000
3850000,2015,3,1,2,yes,no,yes,no,no,0,yes,semi-furnished,1989,113900
3850000,2176,2,1,2,yes,yes,no,no,no,0,yes,semi-furnished,1989,118000
3836000,3350,3,1,2,yes,no,no,no,no,0,no,unfurnished,1989,118900
3815000,3150,2,2,1,no,no,yes,no,no,0,no,semi-furnished,1990,120000
3780000,4820,3,1,2,yes,no,no,no,no,0,no,semi-furnished,1990,124800
3780000,3420,2,1,2,yes,no,no,yes,no,1,no,semi-furnished,1990,123900
3780000,3600,2,1,1,yes,no,no,no,no,0,no,semi-furnished,1990,126800
3780000,5830,2,1,1,yes,no,no,no,no,2,no,unfurnished,1991,117000
3780000,2856,3,1,3,yes,no,no,no,no,0,yes,furnished,1991,121500
3780000,8400,2,1,1,yes,no,no,no,no,1,no,furnished,1991,120000
3773000,8250,3,1,1,yes,no,no,no,no,2,no,furnished,1991,119900
3773000,2520,5,2,1,no,no,yes,no,yes,1,no,furnished,1992,120000
3773000,6930,4,1,2,no,no,no,no,no,1,no,furnished,1992,120000
3745000,3480,2,1,1,yes,no,no,no,no,0,yes,semi-furnished,1992,119500
3710000,3600,3,1,1,yes,no,no,no,no,1,no,unfurnished,1992,120000
3710000,4040,2,1,1,yes,no,no,no,no,0,no,semi-furnished,1993,120000
3710000,6020,3,1,1,yes,no,no,no,no,0,no,semi-furnished,1993,126000
3710000,4050,2,1,1,yes,no,no,no,no,0,no,furnished,1993,125000
3710000,3584,2,1,1,yes,no,no,yes,no,0,no,semi-furnished,1993,127000
3703000,3120,3,1,2,no,no,yes,yes,no,0,no,semi-furnished,1994,127000
3703000,5450,2,1,1,yes,no,no,no,no,0,no,furnished,1994,127000
3675000,3630,2,1,1,yes,no,yes,no,no,0,no,furnished,1994,130000
3675000,3630,2,1,1,yes,no,no,no,yes,0,no,unfurnished,1994,130000
3675000,5640,2,1,1,no,no,no,no,no,0,no,semi-furnished,1995,129700
3675000,3600,2,1,1,yes,no,no,no,no,0,no,furnished,1995,132000
3640000,4280,2,1,1,yes,no,no,no,yes,2,no,semi-furnished,1995,130000
3640000,3570,3,1,2,yes,no,yes,no,no,0,no,semi-furnished,1995,133900
3640000,3180,3,1,2,no,no,yes,no,no,0,no,semi-furnished,1996,132000
3640000,3000,2,1,2,yes,no,no,no,yes,0,no,furnished,1996,138000
3640000,3520,2,2,1,yes,no,yes,no,no,0,no,semi-furnished,1996,137000
3640000,5960,3,1,2,yes,yes,yes,no,no,0,no,unfurnished,1996,139900
3640000,4130,3,2,2,yes,no,no,no,no,2,no,semi-furnished,1997,140000
3640000,2850,3,2,2,no,no,yes,no,no,0,yes,unfurnished,1997,144100
3640000,2275,3,1,3,yes,no,no,yes,yes,0,yes,semi-furnished,1997,145000
3633000,3520,3,1,1,yes,no,no,no,no,2,yes,unfurnished,1997,145800
3605000,4500,2,1,1,yes,no,no,no,no,0,no,semi-furnished,1998,145000
3605000,4000,2,1,1,yes,no,no,no,no,0,yes,semi-furnished,1998,144200
3570000,3150,3,1,2,yes,no,yes,no,no,0,no,furnished,1998,152200
3570000,4500,4,2,2,yes,no,yes,no,no,2,no,furnished,1998,149500
3570000,4500,2,1,1,no,no,no,no,no,0,no,furnished,1999,153000
3570000,3640,2,1,1,yes,no,no,no,no,0,no,unfurnished,1999,153000
3535000,3850,3,1,1,yes,no,no,no,no,2,no,unfurnished,1999,157400
3500000,4240,3,1,2,yes,no,no,no,yes,0,no,semi-furnished,1999,158700
3500000,3650,3,1,2,yes,no,no,no,no,0,no,unfurnished,2000,159100
3500000,4600,4,1,2,yes,no,no,no,no,0,no,semi-furnished,2000,165300
3500000,2135,3,2,2,no,no,no,no,no,0,no,unfurnished,2000,165300
3500000,3036,3,1,2,yes,no,yes,no,no,0,no,semi-furnished,2000,163200
3500000,3990,3,1,2,yes,no,no,no,no,0,no,semi-furnished,2001,168800
3500000,7424,3,1,1,no,no,no,no,no,0,no,unfurnished,2001,172900
3500000,3480,3,1,1,no,no,no,no,yes,0,no,unfurnished,2001,169800
3500000,3600,6,1,2,yes,no,no,no,no,1,no,unfurnished,2001,179000
3500000,3640,2,1,1,yes,no,no,no,no,1,no,semi-furnished,2002,172500
3500000,5900,2,1,1,yes,no,no,no,no,1,no,furnished,2002,171100
3500000,3120,3,1,2,yes,no,no,no,no,1,no,unfurnished,2002,188700
3500000,7350,2,1,1,yes,no,no,no,no,1,no,semi-furnished,2002,187200
3500000,3512,2,1,1,yes,no,no,no,no,1,yes,unfurnished,2003,178100
3500000,9500,3,1,2,yes,no,no,no,no,3,yes,unfurnished,2003,190100
3500000,5880,2,1,1,yes,no,no,no,no,0,no,unfurnished,2003,186000
3500000,12944,3,1,1,yes,no,no,no,no,0,no,unfurnished,2003,191800
3493000,4900,3,1,2,no,no,no,no,no,0,no,unfurnished,2004,191900
3465000,3060,3,1,1,yes,no,no,no,no,0,no,unfurnished,2004,198800
3465000,5320,2,1,1,yes,no,no,no,no,1,yes,unfurnished,2004,212700
3465000,2145,3,1,3,yes,no,no,no,no,0,yes,furnished,2004,217600
3430000,4000,2,1,1,yes,no,no,no,no,0,no,unfurnished,2005,213500
3430000,3185,2,1,1,yes,no,no,no,no,2,no,unfurnished,2005,228800
3430000,3850,3,1,1,yes,no,no,no,no,0,no,unfurnished,2005,232500
3430000,2145,3,1,3,yes,no,no,no,no,0,yes,furnished,2005,233700
3430000,2610,3,1,2,yes,no,yes,no,no,0,yes,unfurnished,2006,236400
3430000,1950,3,2,2,yes,no,yes,no,no,0,yes,unfurnished,2006,243600
3423000,4040,2,1,1,yes,no,no,no,no,0,no,unfurnished,2006,247700
3395000,4785,3,1,2,yes,yes,yes,no,yes,1,no,furnished,2006,246300
3395000,3450,3,1,1,yes,no,yes,no,no,2,no,unfurnished,2007,235600
3395000,3640,2,1,1,yes,no,no,no,no,0,no,furnished,2007,245400
3360000,3500,4,1,2,yes,no,no,no,yes,2,no,unfurnished,2007,257400
3360000,4960,4,1,3,no,no,no,no,no,0,no,semi-furnished,2007,242200
3360000,4120,2,1,2,yes,no,no,no,no,0,no,unfurnished,2008,241800
3360000,4750,2,1,1,yes,no,no,no,no,0,no,unfurnished,2008,238400
3360000,3720,2,1,1,no,no,no,no,yes,0,no,unfurnished,2008,233900
3360000,3750,3,1,1,yes,no,no,no,no,0,no,unfurnished,2008,235300
3360000,3100,3,1,2,no,no,yes,no,no,0,no,semi-furnished,2009,226500
3360000,3185,2,1,1,yes,no,yes,no,no,2,no,furnished,2009,222500
3353000,2700,3,1,1,no,no,no,no,no,0,no,furnished,2009,208400
3332000,2145,3,1,2,yes,no,yes,no,no,0,yes,furnished,2009,220900
3325000,4040,2,1,1,yes,no,no,no,no,1,no,unfurnished,2010,214300
3325000,4775,4,1,2,yes,no,no,no,no,0,no,unfurnished,2010,219000
3290000,2500,2,1,1,no,no,no,no,yes,0,no,unfurnished,2010,222900
3290000,3180,4,1,2,yes,no,yes,no,yes,0,no,unfurnished,2010,219500
3290000,6060,3,1,1,yes,yes,yes,no,no,0,no,furnished,2011,224100
3290000,3480,4,1,2,no,no,no,no,no,1,no,semi-furnished,2011,224300
3290000,3792,4,1,2,yes,no,no,no,no,0,no,semi-furnished,2011,226900
3290000,4040,2,1,1,yes,no,no,no,no,0,no,unfurnished,2011,228100
3290000,2145,3,1,2,yes,no,yes,no,no,0,yes,furnished,2012,223500
3290000,5880,3,1,1,yes,no,no,no,no,1,no,unfurnished,2012,221100
3255000,4500,2,1,1,no,no,no,no,no,0,no,semi-furnished,2012,238400
3255000,3930,2,1,1,no,no,no,no,no,0,no,unfurnished,2012,238700
3234000,3640,4,1,2,yes,no,yes,no,no,0,no,unfurnished,2013,248800
3220000,4370,3,1,2,yes,no,no,no,no,0,no,unfurnished,2013,251700
3220000,2684,2,1,1,yes,no,no,no,yes,1,no,unfurnished,2013,258400
3220000,4320,3,1,1,no,no,no,no,no,1,no,unfurnished,2013,268100
3220000,3120,3,1,2,no,no,no,no,no,0,no,furnished,2014,264800
3150000,3450,1,1,1,yes,no,no,no,no,0,no,furnished,2014,273600
3150000,3986,2,2,1,no,yes,yes,no,no,1,no,unfurnished,2014,275200
3150000,3500,2,1,1,no,no,yes,no,no,0,no,semi-furnished,2014,288000
3150000,4095,2,1,1,yes,no,no,no,no,2,no,semi-furnished,2015,281000
3150000,1650,3,1,2,no,no,yes,no,no,0,no,unfurnished,2015,298900
3150000,3450,3,1,2,yes,no,yes,no,no,0,no,semi-furnished,2015,289200
3150000,6750,2,1,1,yes,no,no,no,no,0,no,semi-furnished,2015,289100
3150000,9000,3,1,2,yes,no,no,no,no,2,no,semi-furnished,2016,295800
3150000,3069,2,1,1,yes,no,no,no,no,1,no,unfurnished,2016,302500
3143000,4500,3,1,2,yes,no,no,no,yes,0,no,unfurnished,2016,299800
3129000,5495,3,1,1,yes,no,yes,no,no,0,no,unfurnished,2016,306000
3118850,2398,3,1,1,yes,no,no,no,no,0,yes,semi-furnished,2017,303800
3115000,3000,3,1,1,no,no,no,no,yes,0,no,unfurnished,2017,310900
3115000,3850,3,1,2,yes,no,no,no,no,0,no,unfurnished,2017,313100
3115000,3500,2,1,1,yes,no,no,no,no,0,no,unfurnished,2017,318200
3087000,8100,2,1,1,yes,no,no,no,no,1,no,unfurnished,2018,320500.0
3080000,4960,2,1,1,yes,no,yes,no,yes,0,no,unfurnished,2018,337900.0
3080000,2160,3,1,2,no,no,yes,no,no,0,no,semi-furnished,2018,331800.0
3080000,3090,2,1,1,yes,yes,yes,no,no,0,no,unfurnished,2018,315600.0
3080000,4500,2,1,2,yes,no,no,yes,no,1,no,semi-furnished,2019,330900.0
3045000,3800,2,1,1,yes,no,no,no,no,0,no,unfurnished,2019,322800.0
3010000,3090,3,1,2,no,no,no,no,no,0,no,semi-furnished,2019,313000.0
3010000,3240,3,1,2,yes,no,no,no,no,2,no,semi-furnished,2019,322500.0
3010000,2835,2,1,1,yes,no,no,no,no,0,no,semi-furnished,2020,318400.0
3010000,4600,2,1,1,yes,no,no,no,no,0,no,furnished,2020,327100.0
3010000,5076,3,1,1,no,no,no,no,no,0,no,unfurnished,2020,329000.0
3010000,3750,3,1,2,yes,no,no,no,no,0,no,unfurnished,2020,322600.0
3010000,3630,4,1,2,yes,no,no,no,no,3,no,semi-furnished,2021,337500.0
3003000,8050,2,1,1,yes,no,no,no,no,0,no,unfurnished,2021,358700.0
2975000,4352,4,1,2,no,no,no,no,no,1,no,unfurnished,2021,369800.0
2961000,3000,2,1,2,yes,no,no,no,no,0,no,semi-furnished,2021,382600.0
2940000,5850,3,1,2,yes,no,yes,no,no,1,no,unfurnished,2022,411200.0
2940000,4960,2,1,1,yes,no,no,no,no,0,no,unfurnished,2022,423600.0
2940000,3600,3,1,2,no,no,no,no,no,1,no,unfurnished,2022,433100.0
2940000,3660,4,1,2,no,no,no,no,no,0,no,unfurnished,2022,449300.0
2940000,3480,3,1,2,no,no,no,no,no,1,no,semi-furnished,2023,468000.0
2940000,2700,2,1,1,no,no,no,no,no,0,no,furnished,1963,479500.0
2940000,3150,3,1,2,no,no,no,no,no,0,no,unfurnished,1963,436800.0
2940000,6615,3,1,2,yes,no,no,no,no,0,no,semi-furnished,1963,price
2870000,3040,2,1,1,no,no,no,no,no,0,no,unfurnished,1963,17800
2870000,3630,2,1,1,yes,no,no,no,no,0,no,unfurnished,1964,18000
2870000,6000,2,1,1,yes,no,no,no,no,0,no,semi-furnished,1964,17900
2870000,5400,4,1,2,yes,no,no,no,no,0,no,unfurnished,1964,18500
2852500,5200,4,1,3,yes,no,no,no,no,0,no,unfurnished,1964,18500
2835000,3300,3,1,2,no,no,no,no,no,1,no,semi-furnished,1965,18900
2835000,4350,3,1,2,no,no,no,yes,no,1,no,unfurnished,1965,18900
2835000,2640,2,1,1,no,no,no,no,no,1,no,furnished,1965,19400
2800000,2650,3,1,2,yes,no,yes,no,no,1,no,unfurnished,1965,20200
2800000,3960,3,1,1,yes,no,no,no,no,0,no,furnished,1966,19800
2730000,6800,2,1,1,yes,no,no,no,no,0,no,unfurnished,1966,20200
2730000,4000,3,1,2,yes,no,no,no,no,1,no,unfurnished,1966,20300
2695000,4000,2,1,1,yes,no,no,no,no,0,no,unfurnished,1966,21000
2660000,3934,2,1,1,yes,no,no,no,no,0,no,unfurnished,1967,22100
2660000,2000,2,1,2,yes,no,no,no,no,0,no,semi-furnished,1967,21500
2660000,3630,3,3,2,no,yes,no,no,no,0,no,unfurnished,1967,21400
2660000,2800,3,1,1,yes,no,no,no,no,0,no,unfurnished,1967,22300
2660000,2430,3,1,1,no,no,no,no,no,0,no,unfurnished,1968,23300
2660000,3480,2,1,1,yes,no,no,no,no,1,no,semi-furnished,1968,22500
2660000,4000,3,1,1,yes,no,no,no,no,0,no,semi-furnished,1968,22900
2653000,3185,2,1,1,yes,no,no,no,yes,0,no,unfurnished,1968,23900
2653000,4000,3,1,2,yes,no,no,no,yes,0,no,unfurnished,1969,24900
2604000,2910,2,1,1,no,no,no,no,no,0,no,unfurnished,1969,24800
2590000,3600,2,1,1,yes,no,no,no,no,0,no,unfurnished,1969,25600
2590000,4400,2,1,1,yes,no,no,no,no,0,no,unfurnished,1969,25700
2590000,3600,2,2,2,yes,no,yes,no,no,1,no,furnished,1970,25900
2520000,2880,3,1,1,no,no,no,no,no,0,no,unfurnished,1970,25900
2520000,3180,3,1,1,no,no,no,no,no,0,no,unfurnished,1970,24900
2520000,3000,2,1,2,yes,no,no,no,no,0,no,furnished,1970,23900
2485000,4400,3,1,2,yes,no,no,no,no,0,no,unfurnished,1971,24400
2485000,3000,3,1,2,no,no,no,no,no,0,no,semi-furnished,1971,23000
2450000,3210,3,1,2,yes,no,yes,no,no,0,no,unfurnished,1971,22600
2450000,3240,2,1,1,no,yes,no,no,no,1,no,unfurnished,1971,24300
2450000,3000,2,1,1,yes,no,no,no,no,1,no,unfurnished,1972,25800
2450000,3500,2,1,1,yes,yes,no,no,no,0,no,unfurnished,1972,25300
2450000,4840,2,1,2,yes,no,no,no,no,0,no,unfurnished,1972,25500
2450000,7700,2,1,1,yes,no,no,no,no,0,no,unfurnished,1972,26200
2408000,3635,2,1,1,no,no,no,no,no,0,no,unfurnished,1973,26800
2380000,2475,3,1,2,yes,no,no,no,no,0,no,furnished,1973,27900
2380000,2787,4,2,2,yes,no,no,no,no,0,no,furnished,1973,29200
2380000,3264,2,1,1,yes,no,no,no,no,0,no,unfurnished,1973,30200
2345000,3640,2,1,1,yes,no,no,no,no,0,no,unfurnished,1974,32700
2310000,3180,2,1,1,yes,no,no,no,no,0,no,unfurnished,1974,33500
2275000,1836,2,1,1,no,no,yes,no,no,0,no,semi-furnished,1974,34000
2275000,3970,1,1,1,no,no,no,no,no,0,no,unfurnished,1974,35200
2275000,3970,3,1,2,yes,no,yes,no,no,0,no,unfurnished,1975,35600
2240000,1950,3,1,1,no,no,no,yes,no,0,no,unfurnished,1975,36200
2233000,5300,3,1,1,no,no,no,no,yes,0,yes,unfurnished,1975,37200
2135000,3000,2,1,1,no,no,no,no,no,0,no,unfurnished,1975,38100
2100000,2400,3,1,2,yes,no,no,no,no,0,no,unfurnished,1976,39000
2100000,3000,4,1,2,yes,no,no,no,no,0,no,unfurnished,1976,38800
2100000,3360,2,1,1,yes,no,no,no,no,1,no,unfurnished,1976,41200
1960000,3420,5,1,2,no,no,no,no,no,0,no,unfurnished,1976,42800
1890000,1700,3,1,2,yes,no,no,no,no,0,no,unfurnished,1977,44200
1890000,3649,2,1,1,yes,no,no,no,no,0,no,unfurnished,1977,44400
1855000,2990,2,1,1,no,no,no,no,no,1,no,unfurnished,1977,45500
1820000,3000,2,1,1,yes,no,yes,no,no,2,no,unfurnished,1977,46300
1767150,2400,3,1,1,no,no,no,no,no,0,no,semi-furnished,1978,48900
1750000,3620,2,1,1,yes,no,no,no,no,0,no,unfurnished,1978,48800
1750000,2910,3,1,1,no,no,no,no,no,0,no,furnished,1978,51600
1750000,3850,3,1,2,yes,no,no,no,no,0,no,unfurnished,1978,53000